<?xml-stylesheet type="text/css" href="lab5.css" ?>
<!DOCTYPE HTML>
<html>
<head>
<h1> STUDENTS DESCRIPTION </h1>
</head>
<students>
<student>
<USN>USN : 1BY18CS413</USN>
<name>NAME : Abdul</name>
<college>COLLEGE : BMSIT</college>
<branch>BRANCH : CSE</branch>
<year>YEAR : 2018</year>
<e-mail>E-Mail : abdul@bmsit.in</e-mail>
</student>
<student>
<USN>USN : 1AY17CS028</USN>
<name>NAME : Babitha</name>
<college>COLLEGE : Acharya IT</college>
<branch>BRANCH : CSE</branch>
<year>YEAR : 2017</year>
<e-mail>E-Mail : babitha@ait.com</e-mail>
</student>
<student>
<USN>USN : 1AT18IS104</USN>
<name>NAME : Vishal</name>
<college>COLLEGE : Atria IT</college>
<branch>BRANCH : ISE</branch>
<year>YEAR : 2018</year>
<e-mail>E-Mail : vishal@ait.in</e-mail>
</student>
</students>
</html>
